,A,R,N,D,C,Q,E,G,H,I,L,K,M,F,P,S,T,W,Y,V
0,0.07467122694945781,0.046680376685213666,0.03879653262937817,0.0527421495559063,0.013357836345164888,0.03541239444016891,0.062439751275009135,0.06558522818433257,0.02076387167034693,0.05437096782037927,0.08556087102375409,0.0539950118869016,0.01963692759458151,0.03560316788940493,0.040014925445713855,0.05660779137438853,0.049559480575074456,0.01180301328705058,0.03013209262528984,0.0639185372091222
1,0.07513940949689608,0.04704369217607634,0.03902464400140106,0.05307682958254873,0.013466738619958453,0.03566797446632503,0.06292995736284086,0.06589117551258078,0.020882108425837147,0.05470871072350031,0.08614942947850769,0.05439483881007212,0.019759637122072196,0.035788496224901795,0.04023793202360596,0.056927497338246896,0.04984243202119025,0.011864270816621987,0.030314163615960416,0.06425628011224309
2,0.07555134207472013,0.047428690887723876,0.0392182372416814,0.05332210278626892,0.013586676973492195,0.035877368259867766,0.06338020020519049,0.06620281104000339,0.020990718998108983,0.055088799109364574,0.08678748012778839,0.05477978890463251,0.019874811001083847,0.0360721769273215,0.040423308976189856,0.05723130551466914,0.05007049477612635,0.011941328899455863,0.030496915245848383,0.06472037882437658
3,0.07604047858663879,0.04775150834514774,0.039401572276612916,0.053578460685816544,0.013672486131979102,0.03610834804002148,0.06377740180566512,0.06648547078359711,0.02114828697695105,0.055440446499356456,0.08740263212910972,0.055227211955938375,0.01999523552548733,0.03627792443934214,0.04061500615007884,0.05751620164426318,0.05034172950428433,0.01202952029520388,0.030725415554567093,0.06515671717985519
4,0.07646150255972473,0.048039272882872554,0.03963770546798446,0.053845951898278246,0.01377015785968456,0.03632834035852185,0.06420056493057706,0.06676463009692944,0.021258258827657934,0.05583074447348276,0.08802390988338772,0.05561366918019463,0.020097866196062984,0.03651712050719227,0.040859890417103556,0.05785841731938485,0.05063989809861872,0.012093548998732048,0.03089727695697563,0.06557550476694066
5,0.07688714515607187,0.048369820457123264,0.03980504548130565,0.05411062331969617,0.013872205125216662,0.036551249702240086,0.06465319001018764,0.06707291104535172,0.021376058029365583,0.056178162176908984,0.08863016495779481,0.05606138393402227,0.020223881685467047,0.03675641380921619,0.041116685870433864,0.05812882555706427,0.05092265507638646,0.012169488888565755,0.03108027167229833,0.06592880513788928
6,0.07736461356711975,0.0487032850565917,0.0399776361400187,0.05432624010036997,0.01396486929296525,0.036773381172566746,0.06507980494827376,0.06733850619142188,0.021479758275854344,0.05652796211759631,0.08919033103376313,0.05651925965902496,0.020343090782696492,0.03694777066349623,0.04139628273754896,0.05845854664083658,0.05113443110719042,0.012253256129400307,0.031270850653187,0.06631968651705902
7,0.07778038689481355,0.049030186349320194,0.040208324217650665,0.054572631497090344,0.01406137421058369,0.03699872137063288,0.065463782701095,0.06764703022527924,0.021596828221257514,0.0567868481056658,0.08972079206959872,0.05697091239689652,0.020448200924707165,0.037161734463213324,0.041692895585100614,0.05878846219295683,0.0513639523747352,0.01233089761727766,0.03141062477820106,0.06666559709078944
8,0.07815571080615522,0.04937828469196407,0.040383054028189924,0.05479816616350413,0.01411971471493758,0.037227416147699276,0.06585835897887388,0.06802624350357814,0.021703153790442187,0.057025169065950676,0.09019578100921115,0.057412161078158296,0.020551220531978626,0.037360967285581206,0.04199432152426144,0.05908473472089959,0.05154801666597115,0.01240430941858941,0.03153313983734377,0.06694747896099157
9,0.07773172119076517,0.04922353650416586,0.04020516410699815,0.05449445522125647,0.01408568275406454,0.037087885108120035,0.06553243002788448,0.06768106218615223,0.021596682369996643,0.05684586924923701,0.08994258322031637,0.05717894491200445,0.019857843637734515,0.03724593925783051,0.0417366509633659,0.05859900140506811,0.05126710713750815,0.012370763628586029,0.03144592078333503,0.06669272542531389
10,0.0773821157184258,0.04892011726443952,0.03993232501497068,0.05417367968148518,0.014001721044882018,0.03690756433258015,0.06515555036975963,0.06747944712652319,0.021481119554289302,0.05656802259725248,0.0895813582641933,0.05673123015817676,0.019628030667667853,0.037078988181205,0.041426085011856344,0.05819547958328837,0.05089416546342719,0.012323702288407358,0.031322725084974835,0.0663535726266711
11,0.07699439444990858,0.04861733004684383,0.03975496988173545,0.05390993198471955,0.01390297974126331,0.03667220901459994,0.06481372363133421,0.06723154860010672,0.021368716849234456,0.05625181706365545,0.08910549421701561,0.05626207526899919,0.019477803868957037,0.03688631866557704,0.04105567142629732,0.057781213385290006,0.0505339614661301,0.0122747934989242,0.03116885200474195,0.06601923291963759
12,0.07663214853495921,0.04837550865629764,0.039568571970325386,0.05363325214282223,0.013816392709384886,0.03644254189579417,0.06442250193255589,0.06692963649007636,0.02123764518278641,0.05587138835818246,0.08856764338396257,0.05589783605348397,0.01934838518346565,0.036655533353771294,0.04077092114796419,0.05738877625933719,0.0501965102655309,0.012197929884438182,0.030956589803068504,0.065623003660902
13,0.07623659991544117,0.04809596040626945,0.03935032986695565,0.053356037512968156,0.01373491047163753,0.03619196942959497,0.06398830272890367,0.0666686113501806,0.021125339711905406,0.055470102922402946,0.08800708837129924,0.055570886143668445,0.019241281740889654,0.0364475980728374,0.04041937099214605,0.05703921940408423,0.04987383865936759,0.012136234801084162,0.03079649373570463,0.06516507931881269
14,0.07585534471948978,0.04779370797663022,0.03913743564315161,0.05306151520015605,0.013643510348150123,0.03595943390265852,0.06355779842386051,0.06638016617323853,0.021049010885375828,0.05501879050414029,0.0874572777348543,0.055218071943589395,0.019125962010617087,0.036229064266945867,0.04013962827376999,0.05672841036713991,0.049535901287898684,0.012069386306512208,0.030599886236032648,0.06470579369828824
15,0.07545240630275363,0.04745363145333511,0.03893766803282722,0.052768986187909143,0.01354627617422728,0.035716105382416694,0.06316142331386408,0.06608204619599109,0.020915994535449362,0.05468999314502022,0.08686414927392656,0.05478674114806784,0.01901793484338877,0.035965705506876035,0.03990320337987655,0.05638930618558379,0.04921677872908392,0.011979639163981436,0.03042102397310153,0.06428180408289792
16,0.0750419808546254,0.04712225738860607,0.03870722304063014,0.05247329706501006,0.013431248146476626,0.03545070470469436,0.06279810782300156,0.06576739640917692,0.02080738396317749,0.054342769909941725,0.0862275085201677,0.054404513610377334,0.01889269722737615,0.03576656991868217,0.03963848334137169,0.05603950624489628,0.04890164277139984,0.011876570939623212,0.030258545668476446,0.06388158822303151
